FullName,Specialty,Phone,Email
Seth Jordan,Orthopedics,+1-613-344-2854x7198,ortizjames@example.com
Shawn Lee,Cardiology,534.766.1203,erinortega@example.com
Kari White,Pediatrics,6982746891,laura95@example.com
Harold Gray,Cardiology,001-306-814-1914,savagebeverly@example.net
Erin Powers,Cardiology,778.200.0137x7994,vmartin@example.org
Chase Brown,Cardiology,952.827.9015x3154,wcastillo@example.org
Alexander Johnson,Pediatrics,(618)508-7851,gillsusan@example.net
Jason Chen,Dermatology,+1-356-944-6256,watsonkathryn@example.com
Stacy Potts,Cardiology,6456524031,ijacobs@example.com
Clayton Lee,Cardiology,001-340-483-1421,kathleen08@example.org
Evan King,Neurology,001-374-707-6192,jay07@example.com
Peggy Downs,Pediatrics,(677)256-4387x49726,gayvanessa@example.org
Brandon Gonzalez,Pediatrics,350-596-6956,reneewalton@example.org
James Ross,Neurology,(620)966-9347x7523,robert43@example.net
Raymond Dean,Orthopedics,+1-903-839-0460,kenneth88@example.com
Billy Greene,Neurology,262-933-5982x477,sophiaadams@example.org
Patrick Riley,Pediatrics,001-965-344-7108,christophermcpherson@example.com
Zachary Ward,Orthopedics,(448)911-3425,coxgina@example.com
Joe Nelson,Orthopedics,(885)455-2730x36310,acervantes@example.net
Julie Young,Pediatrics,(488)444-0678x4118,patriciawilliams@example.org
Jennifer Kirby,Cardiology,826.387.1427x31509,bzamora@example.net
Evan Rodriguez,Neurology,9667038002,pryan@example.com
Richard Gibson,Orthopedics,+1-355-882-5770x43643,michael81@example.net
Kimberly Garcia,Cardiology,+1-890-809-1360,lorianderson@example.com
Gary Stanton,Pediatrics,+1-689-783-5364x05173,melanie31@example.org
Lisa Meyer,Orthopedics,692.749.0924x04193,combssusan@example.org
Mrs. Katherine Reyes,Neurology,713-781-0385x75485,amy71@example.com
Bruce Reynolds,Pediatrics,001-660-340-3995,amandathompson@example.org
Christina Tapia,Dermatology,(762)566-8712,randall83@example.com
Joe Myers,Dermatology,(354)688-1996x8701,rebecca05@example.com
Timothy Hall,Orthopedics,281.609.9548x505,robertsbrittany@example.com
Sarah Whitney,Neurology,+1-602-832-4580x611,carol27@example.com
Michael Carpenter,Orthopedics,+1-387-293-7075x718,bnelson@example.net
Edward Brooks,Dermatology,816.979.6423x863,linda41@example.com
Steven Schneider,Neurology,001-732-769-7090x2192,rosechristopher@example.net
Emily Hamilton,Neurology,(296)911-1861x12370,jimmycurry@example.org
Adam Knight,Dermatology,8002484191,asimon@example.com
Karina Jordan,Neurology,(491)258-6520,spencershah@example.net
Kimberly Elliott,Cardiology,(933)202-4023x49064,carlos79@example.net
Robert Edwards,Dermatology,(612)204-6060x9137,drew54@example.org
Angela James,Dermatology,+1-246-247-8626x61770,patricia20@example.org
Jessica Fields,Neurology,463-506-0091x2851,wagnerchristine@example.net
Jennifer Crawford,Orthopedics,(561)418-2047,hector80@example.com
Lisa Fleming DVM,Cardiology,(497)682-3759,timothybautista@example.com
Gina Robinson,Dermatology,(397)480-3035x90529,nathan68@example.org
Ryan Mccormick,Dermatology,761.714.0922,heidi91@example.org
Kelly Rodriguez,Neurology,(435)811-1564,tfowler@example.org
Sean Porter,Cardiology,823.308.3529x3004,maryrodgers@example.org
Rita Cuevas,Neurology,+1-728-554-6042x375,holly03@example.com
Martha Carter,Neurology,511-607-9419,christopher41@example.net
Meghan Williams,Cardiology,001-834-485-8688x26044,michaelgrimes@example.org
Traci Mcdonald,Dermatology,+1-924-342-0871x53025,melissacarr@example.net
Clifford Lynch,Pediatrics,(518)623-1561x471,yolsen@example.com
Terri Horton,Pediatrics,(323)294-3438,nmartin@example.net
Robert Mendoza,Pediatrics,386-244-2117,nmartinez@example.com
Jasmine Delgado,Neurology,398-437-6385x8588,leestacey@example.org
Jason Stewart,Pediatrics,+1-265-309-4158x0765,kristensolis@example.org
Sharon Arias,Cardiology,373-208-3671x714,sguzman@example.com
Tammy Hampton,Cardiology,(514)604-7970x092,geoffrey00@example.org
Kaitlyn Morgan,Pediatrics,(275)682-1358,michelleyoder@example.com
Gregory Rodgers,Orthopedics,+1-847-844-1352,cobbmichael@example.org
Edwin Harper,Orthopedics,+1-292-656-8634x6873,schmidtkristy@example.net
Caroline Henderson,Pediatrics,+1-567-418-2303x3178,david89@example.com
James Ortiz,Pediatrics,235-956-2677x14999,christopher93@example.com
Ashley Ortega,Orthopedics,873-284-0435x553,psmith@example.net
William Peterson,Pediatrics,725-941-7611x10588,myersdanielle@example.net
Derek Henderson,Neurology,845-517-4244x0950,kmunoz@example.org
Samuel Hall,Neurology,+1-468-724-4412x286,lisamcclure@example.org
Benjamin Lee,Orthopedics,717-398-3570x20432,petersrebecca@example.com
Megan Reed DVM,Dermatology,001-653-491-3147,carla35@example.com
Chad Mcgee,Neurology,+1-521-882-9650,jeffrey23@example.com
Christopher Mcclain,Pediatrics,(657)598-3662x328,cooperalejandro@example.net
Samuel Williams,Neurology,878-869-3688x136,echavez@example.net
Amy Palmer,Pediatrics,+1-770-202-0528x37225,reiddanielle@example.com
Kimberly Sims,Dermatology,577-675-1858,mcdowellmelissa@example.com
Mary Watson,Dermatology,688.217.3717x5158,carmen18@example.org
Kimberly Collins,Orthopedics,257.327.4947,schultzkelly@example.org
Sean Smith,Neurology,+1-494-737-1049x019,michaelroy@example.net
Natasha Walker,Pediatrics,(459)312-2429x93034,hansondiana@example.com
Victoria Anderson,Orthopedics,(342)721-7821,martinvickie@example.net
Mr. Michael Williams,Cardiology,309-211-6948x08995,lpatton@example.com
Kristina Shah,Dermatology,001-740-321-9113x103,foxcraig@example.org
Linda Weiss,Neurology,001-961-348-5859,amy70@example.com
Cassandra Garcia,Orthopedics,001-274-809-8334x731,lanechristian@example.org
Barbara Davis,Pediatrics,001-245-252-1963x6837,smithdylan@example.net
Christy Sullivan,Dermatology,931-228-8115,troyrichard@example.org
Dennis Goodwin,Orthopedics,9964874937,jessicacollier@example.net
Tracy Fernandez,Orthopedics,001-396-664-6751x9869,brandonwalls@example.com
Tracy Wang,Neurology,269.620.6484x31161,nkramer@example.com
Catherine Morris,Pediatrics,001-518-292-0897x9219,leachrobert@example.net
Judith Grant,Neurology,(899)201-9514,rlynch@example.org
Michelle Ellis,Orthopedics,001-414-682-9064x683,ocastro@example.org
James Cantu,Orthopedics,001-990-494-4167x8655,xroberson@example.net
Timothy Hansen,Neurology,(380)507-2992,gstephens@example.com
Mary Massey,Neurology,001-561-542-3093x5239,areed@example.com
Angela Ramirez,Orthopedics,718.470.5336,gparks@example.net
George Snyder,Dermatology,533-476-9036,martinemily@example.org
Katrina Lam,Pediatrics,(953)584-2323x3441,yesenia50@example.com
Devin Johnson,Neurology,(348)820-0883x2946,ohall@example.com
Dr. Daniel Wallace,Orthopedics,001-204-382-9000x8630,hugheskyle@example.com
