FullName,BirthDate,Gender,Phone,Email,Address
Pamela Morgan,1958-03-29,F,001-418-306-6437,isanchez@example.net,"PSC 2985, Box 4851
APO AP 16266"
Kevin Adams,1947-09-22,M,685-241-4290,ray56@example.net,"01689 Lynn Ferry
Leefort, NH 91365"
Alexander Cochran,1985-12-05,F,001-992-322-5886,ramseysonya@example.com,"131 Gomez Ports
New Melissa, NC 91776"
Larry Mckinney,2002-01-14,M,603-428-1990,fwatts@example.net,"4792 Stephen Curve Suite 097
Lake Kyle, NE 38358"
Stephanie Wilson,1999-10-22,M,284.783.5189,jkelley@example.com,"65223 Decker Extensions Suite 441
Scottport, AZ 79655"
Kerri Bennett,1988-05-06,M,001-267-434-3489,cperez@example.com,"48449 Devin Divide
Christophermouth, MA 55693"
Steven Moore,1975-09-17,M,666.819.4023x0606,gregorylong@example.net,"01429 Jeremy Brook
Amandaberg, MO 20626"
Gregory Burke,1976-04-14,M,001-835-653-9917,brownpamela@example.net,"03746 Jake Ridges Suite 360
New Jason, MO 78436"
Toni Snyder,1951-02-04,M,686-500-6389x16780,andrewall@example.net,"045 Renee Keys
East James, NE 09028"
Jason Salazar,2000-01-13,M,895.797.9982x027,mbrown@example.net,"709 Mclean Bypass Suite 329
South Mark, NC 79215"
Amy Rhodes,1954-08-02,F,001-810-239-9462,karenmann@example.org,"43991 Crawford Forges Apt. 718
Jonchester, OH 29215"
David Howell,1998-11-27,F,(211)526-1453x2394,floressean@example.com,"PSC 5600, Box 6591
APO AP 26213"
Alexander Rodriguez,1945-09-13,M,6768077564,james43@example.org,"Unit 7147 Box 4469
DPO AA 59216"
David Pena,1972-12-09,F,+1-634-481-5472x209,woodtaylor@example.org,"2424 Juan Junction Suite 909
East Michaelhaven, WV 13160"
Sarah Garrett,1993-04-29,F,4376904980,ashley64@example.org,"0101 Cortez Ferry
East Sandra, VA 94402"
Victor Gonzalez,1975-01-04,M,001-423-754-3507x10101,angelascott@example.org,"7988 Christian Parkway
Swansonstad, MH 53162"
Mary Schmidt,1937-07-27,M,+1-677-887-4512x620,ugarcia@example.org,"34682 Chandler Port
South Laura, HI 26196"
Jade Gonzalez,1936-12-28,M,398-294-8504x663,lmclaughlin@example.com,"383 Burns Course Apt. 946
Morganchester, DC 59055"
Shannon Lewis,1971-06-25,F,(405)250-0494,rodneymason@example.net,"22961 Matthew Flats Suite 337
Anthonyfurt, OK 98431"
Terry Robinson,1995-11-30,M,796.503.2014x528,zlopez@example.com,"150 Richardson Hollow Suite 216
West Laura, GU 05024"
Susan Cook,2000-04-04,M,290.788.1322,bauerricky@example.com,"8148 Andrew Port Suite 988
Lyonsstad, SD 66823"
Scott Salazar,1953-09-09,M,413-441-3770,thompsonlawrence@example.net,"Unit 9086 Box 9114
DPO AP 67293"
Lisa Clark,1999-03-13,M,600.469.4620x742,brandonconway@example.com,"077 Rivera Mill
Port Lori, LA 76081"
Kaitlyn Rivera,1974-06-20,F,811-620-9019x95219,abigail99@example.net,"026 Clark Neck Suite 127
North Gabrielamouth, NJ 18806"
Brittany Soto,1963-07-28,F,537-901-2531x933,rtaylor@example.net,"1664 Fernandez Vista Suite 177
Davidsonmouth, SC 95384"
Albert Lynch,1983-03-12,F,+1-639-463-7211x91809,nanderson@example.org,"56418 Pierce Summit Apt. 107
Robertsonchester, AK 48612"
Lisa Johnson,1950-06-09,M,+1-670-538-7252x61524,austinmcguire@example.com,"6053 Rodriguez Corner Suite 533
Port Joshua, VI 33843"
Diane Frazier,1976-05-06,F,+1-656-360-8296,bendertimothy@example.org,"26427 Carter Knolls Apt. 305
New Jamesfort, MT 78424"
Curtis Hanson,1950-05-01,M,001-254-780-1675x895,whitejoy@example.net,"62052 Salazar Orchard Suite 164
Torrestown, PW 66545"
Travis Fox,1974-09-16,M,+1-829-763-4369,willismichael@example.org,"970 Hamilton Shore
Anthonystad, DC 42844"
Victor Mccoy,1997-05-17,M,(880)588-5441,katherine63@example.org,"PSC 6024, Box 5019
APO AE 55220"
Matthew Barnes,1982-01-22,F,644-761-9650,martinmonica@example.com,"964 Willie Terrace
South Kelly, AK 10186"
Courtney Saunders,1976-12-17,M,(661)238-8718x372,bradley82@example.org,"Unit 0508 Box 9858
DPO AP 89542"
Daniel Hess,2004-02-04,F,+1-316-479-3441x487,nancy00@example.net,"0822 Karen Shoal
West Rose, MI 68621"
Timothy Thomas,1941-12-22,M,926.972.6624,boothcalvin@example.net,"172 Jordan Crescent
Howardstad, MA 58254"
Matthew Schultz,1999-08-17,F,(704)920-4547x64180,robertcox@example.com,"9693 Shepherd Lock Suite 602
Wrightstad, VI 10974"
Jack Ortega,1953-03-06,M,633.906.6452,mbates@example.org,"7565 Turner Hills Apt. 654
Margaretstad, FL 81030"
Holly Williams,1993-04-15,F,448-902-9527,danielstiffany@example.org,"PSC 7692, Box 1344
APO AE 89936"
Christy Marsh,1990-07-09,F,704.347.3088,matthew13@example.com,"578 Debra Falls
South Michaelmouth, MT 76744"
Carol Woodard,1986-01-30,F,956-446-6534x956,barreradaniel@example.net,"698 Frank Mountain
New Susanborough, VT 25285"
Juan Davis,1973-04-20,F,808-486-4446,qperez@example.org,"865 Shannon Via Suite 826
Smithside, MA 34428"
Stephen Blake,1989-05-01,M,228-254-3020x39060,wangdaniel@example.net,"24878 Gordon Views
South Kathyberg, RI 20652"
Theresa Sandoval,1974-08-09,F,3254016518,baileymichael@example.net,"95852 Cordova Mountains
Jamesfurt, WY 85108"
Jose Payne,1989-09-04,M,528.817.9514x95226,dianechang@example.net,"Unit 3638 Box 4478
DPO AE 64176"
Samantha Holt,1952-09-18,M,278-561-7917x8644,sandersduane@example.org,"61857 Jennifer Landing
Jillfurt, NJ 59048"
Jacob Barton,1948-06-11,F,001-509-241-1906x7382,joseph90@example.com,"PSC 6269, Box 1346
APO AP 09347"
Kimberly Garcia,1994-07-01,M,001-409-939-6914x8659,kwalker@example.com,"5944 Barajas Burg
South Susanhaven, NV 15765"
Amber Matthews,1997-12-23,M,779-453-3145,lmassey@example.net,"4483 Elizabeth Via Suite 386
Sheastad, CT 40367"
Steven Higgins,1970-12-03,M,+1-864-794-9223x9600,whitenicole@example.com,"11366 Todd Street
Lake Derekville, ME 07283"
Heather Freeman,1955-01-13,F,+1-242-865-0225x915,matthewthompson@example.org,"USCGC Stone
FPO AP 79691"
Hailey Walker,2007-01-05,M,795.256.6549,howellrenee@example.net,"908 Meredith Run Suite 790
Leeburgh, KY 83398"
Donald Fox,1946-06-29,F,944-918-1343x62523,elizabethray@example.org,"1587 Julie Extensions Apt. 497
East Sarahburgh, LA 67080"
Heidi Long,1960-02-11,F,001-870-417-6952x93683,riley47@example.net,"771 Brown Views
New Chris, WI 07717"
Kayla Villarreal,1946-04-08,M,590.607.6433x179,mcosta@example.com,"62850 Mcknight Meadows Apt. 093
Lake Kevinside, SD 04900"
Lisa Waters,1967-03-28,F,2687198514,petersdavid@example.com,"890 Smith Forge
Johnside, OK 44863"
Lisa King,1991-10-31,F,296-621-7085,jonathanramsey@example.org,"Unit 3639 Box 1930
DPO AP 85176"
Bradley Hall,1958-07-27,M,001-420-814-0692x3868,qbradley@example.com,"043 Lozano Run Suite 825
South Veronicastad, NY 18633"
Tiffany Gomez,1967-11-28,M,885-850-6615x480,robertsonkristine@example.net,"328 Hawkins River
East Hectorland, NE 94611"
Jacob Fowler,2002-07-29,F,+1-651-761-8902,troberts@example.org,"3081 Gray Road Apt. 848
Lake Katherine, DC 96475"
Linda Bailey,1973-06-14,F,001-801-903-2681x37445,shawnmueller@example.net,"22023 Eric Course Suite 737
Port Keith, WV 44388"
Gina Lucas,1985-10-26,M,(753)936-4014x8194,powersvanessa@example.org,"1706 Joshua Ford
Jacobshaven, SC 28974"
Scott Ward,1982-09-10,F,+1-906-798-6576,delgadorita@example.com,"986 Brandon Terrace
Karenbury, DE 32964"
Ellen Day,1999-06-26,M,+1-270-433-7374x53140,samantha00@example.org,"1901 Jimenez Lights
Amandafurt, NJ 91515"
Juan Richard DVM,1952-11-06,F,257-513-3611,kathleen98@example.com,"547 Mckay Ports
New Eddieland, CO 77922"
Timothy Austin,1939-06-23,F,540-383-0879x101,janetmartinez@example.org,"USS King
FPO AP 97785"
Sheryl Andersen,1967-09-12,F,707.284.1651x44769,sophia79@example.org,"40909 Hill Mountain Suite 731
Ericborough, WI 81673"
Steven Johnson,1955-04-14,F,+1-971-657-7495x0222,robleskyle@example.org,"3390 Anderson Drive Apt. 241
Stricklandfort, LA 64118"
Daniel Rangel,1979-08-09,F,001-985-346-9385x30446,randerson@example.org,"3142 Alan Pass Apt. 624
Port Derek, AL 87169"
Kimberly Walker,1973-10-30,M,001-788-569-4107x01480,kowens@example.org,"670 Keller Road Suite 055
South Zachary, IN 05223"
Maria Quinn,1976-10-06,F,001-994-442-8516x58653,housetanya@example.com,"Unit 8982 Box 3266
DPO AE 96937"
Ashley Carter,1963-12-06,M,846-262-9044,fschmitt@example.org,"0950 Billy Forge Suite 189
South Anthony, KS 98274"
Nichole Miranda,1936-08-13,F,001-422-777-9734x7808,orojas@example.net,"37026 Woods Viaduct Suite 870
Nancyborough, TN 32690"
Lauren Miller,1976-11-05,M,001-534-750-1983x135,johnsjennifer@example.org,"44984 John Shores
Robertview, HI 09871"
Michael Rodriguez,1984-11-22,F,595-413-5130,aaron71@example.net,"10152 Smith Isle
New Alexis, NJ 44605"
Amanda Gonzales,1944-05-18,M,432.534.4273,awhite@example.com,"84170 Schwartz Shoals
North Williamland, MO 38968"
Mr. Andrew Chan MD,1996-09-09,F,(751)791-4327,kim15@example.net,"1651 Swanson Green
Contrerasstad, ME 74180"
Darin Ward,1975-04-22,F,(841)294-4573x605,bdavila@example.com,"22452 Matthew Port Apt. 102
South Rachelshire, CA 86652"
Brian Lawrence,1982-07-23,F,552.733.9524x0732,brownstephanie@example.org,"28708 White Turnpike Apt. 882
North Scott, ME 15477"
Travis Butler,1980-06-10,F,(799)822-0819x25196,kjennings@example.org,"68639 Fisher Vista
East David, PW 14707"
Matthew Davis,1991-08-29,F,585-783-3798x83222,kellermary@example.net,"68301 Chloe Trail Suite 605
South Edward, ME 36702"
Brandon Gonzalez,2005-04-02,F,(508)640-3611x2496,brittany38@example.org,"8934 Allen Canyon
West Andrewtown, VI 05080"
Kara Conley,1964-01-16,M,586.907.6627x44481,cesarharris@example.com,"161 Smith Cliffs Suite 732
Brooksborough, VT 11783"
Sara Thompson,1953-02-01,M,(716)851-5944x2244,johnsondavid@example.org,"9225 James Ports Suite 473
Rhondaburgh, AZ 28740"
Henry Martinez,1986-06-02,M,723.584.2575x31699,robertgillespie@example.net,"01096 Ray Well
Elizabethview, HI 21544"
John Roy,1990-03-15,M,001-935-884-0064,roy07@example.net,"2299 Bradley Ramp
Port Karen, KY 77064"
Curtis Jackson,1956-04-30,F,229.363.3157,rholmes@example.com,"7641 Tammy Trace
East Dawnton, NC 83042"
William Stephens,1959-07-05,F,481.883.0590,lhart@example.org,"924 Nichole Course
West Emily, NH 96603"
Antonio Wright,1982-10-18,F,503.881.7824,angelamartin@example.com,"1397 James Union Suite 937
Traceybury, NM 82405"
Zachary Mercer,1938-05-24,F,800.906.8375,turnerpeter@example.net,"917 Jensen Mountain
Fieldsmouth, FM 99555"
Kathleen Guzman,1962-02-16,M,908-394-9860x90711,carterjohn@example.org,"79744 Nathaniel Valleys
West Pamela, TX 93403"
Donna Russell,1998-12-18,F,695-929-2044,sandraelliott@example.org,"0293 Wright Square
Williamsborough, CT 18671"
Michelle Stafford,1964-01-19,F,376.567.2941x21118,travis50@example.net,"730 Travis Dam Apt. 113
Estradaton, MT 29764"
Cynthia Howard,1970-07-04,M,933.215.6195x9241,ralph55@example.org,"USNV Potts
FPO AP 02770"
Jared Hernandez,1951-03-24,F,998-894-1614,bburke@example.org,"7142 Cody Creek Suite 607
North Heather, MA 90883"
Courtney Moreno,1972-06-22,F,433.511.2621x007,clarkfrank@example.com,"99913 Christy Islands
Sarahview, AS 53374"
Amy Garrett,1999-09-14,F,(211)581-8799x998,jay90@example.org,"74185 Mary Corner Apt. 741
East Cheyenne, WV 71298"
Jeffrey Kim,1983-12-26,F,(813)550-5865x7134,burnettjennifer@example.com,"6238 Melissa Valley
Burnsview, AR 75382"
Charles Jenkins,1967-09-22,F,(737)694-6245,ryandurham@example.com,"49567 John Junctions Apt. 851
Heatherchester, TN 66477"
Benjamin Brown,1968-03-10,F,(902)687-3136x2051,reginaldwelch@example.org,"4795 Walters Summit Apt. 002
East Jason, PR 82804"
Megan Murphy,1947-06-14,F,(547)245-5288x00883,powellshannon@example.org,"6975 Debra Route
New Davidshire, NC 83230"
